<!-- Import this file is oeablSecurity-basic-*.xml to enable security for SOAP transport -->
<b:beans xmlns="http://www.springframework.org/schema/security"
    xmlns:b="http://www.springframework.org/schema/beans"
    xmlns:xsi="http://www.w3.org/2001/XMLSchema-instance"
    xsi:schemaLocation="http://www.springframework.org/schema/beans
                        http://www.springframework.org/schema/beans/spring-beans-4.2.xsd
                        http://www.springframework.org/schema/security
                        http://www.springframework.org/schema/security/spring-security-4.1.xsd">

    <http pattern="/soap/**"
        auto-config="true" 
        use-expressions="true" 
        create-session="stateless" 
        disable-url-rewriting="true" 
        authentication-manager-ref="oeablApplicationAuth" 
        realm="OpenEdge" >

        <!-- This HTTP security space represents the public SOAP URI space and controls
             the authentication/authorization process to its dynamic content.
             ALTER THIS SECTION TO MEET YOUR PRODUCTION DEPLOYMENT REQUIREMENTS
         -->
        <!-- OpenEdge ClientPrincipal SSO Filter -->
        <custom-filter position="SWITCH_USER_FILTER" 
                       ref="OEClientPrincipalFilter" />

        <intercept-url pattern="/soap/wsdl/**" method="GET"
                       access="hasAnyRole('ROLE_PSCUser')"/>
        <intercept-url pattern="/soap/**" method="POST"
                       access="hasAnyRole('ROLE_PSCUser')"/>
        <!-- authentication models -->

        <!-- If you choose oeablSecurity-basic-oerealm.xml comment out the following line  -->
        <http-basic  /> 
        <!-- If you choose oeablSecurity-basic-oerealm.xml uncomment out the following line -->
        <!--  <http-basic entry-point-ref="OEAuthenticationEntryPoint" /> -->

	<!-- Disable org.springframework.security.web.csrf.CsrfFilter -->
	<csrf disabled="true"/>


    </http>

</b:beans>
