<?xml version="1.0" encoding="UTF-8"?>
<prgs:model xmlns:prgs="http://www.progress.com/caf/camel/component/prgrs" id="resourceModel">
  <prgs:resource consumes="application/json" name="_Customer" path="/Customer" produces="application/json">
    <prgs:operation consumes="application/json" idls="Library/.services/AppServer/customer.pidl::com.progress.openedge.pdt.bpmbindings" name="customer..CreateCustomer" produces="application/json" verb="POST"/>
    <prgs:operation consumes="application/json" idls="Library/.services/AppServer/customer.pidl::com.progress.openedge.pdt.bpmbindings" name="customer..getCust" produces="application/json" verb="GET"/>
  </prgs:resource>
  <prgs:resource consumes="application/json" name="_Customer_CustomerID" path="/Customer/{CustomerID}" produces="application/json">
    <prgs:operation consumes="application/json" idls="Library/.services/AppServer/customer.pidl::com.progress.openedge.pdt.bpmbindings" name="customer..getCustByID" produces="application/json" verb="GET">
      <prgs:param name="CustomerID" type="PATH"/>
    </prgs:operation>
    <prgs:operation consumes="application/json" idls="Library/.services/AppServer/customer.pidl::com.progress.openedge.pdt.bpmbindings" name="customer..updateCust" produces="application/json" verb="PUT">
      <prgs:param name="CustomerID" type="PATH"/>
    </prgs:operation>
    <prgs:operation consumes="application/json" idls="Library/.services/AppServer/customer.pidl::com.progress.openedge.pdt.bpmbindings" name="customer..deleteCust" produces="application/json" verb="DELETE">
      <prgs:param name="CustomerID" type="PATH"/>
    </prgs:operation>
  </prgs:resource>
  <prgs:resource consumes="application/json" name="_Book" path="/Book" produces="application/json">
    <prgs:operation consumes="application/json" idls="Library/.services/AppServer/book.pidl::com.progress.openedge.pdt.bpmbindings" name="book..createBook" produces="application/json" verb="POST"/>
    <prgs:operation consumes="application/json" idls="Library/.services/AppServer/book.pidl::com.progress.openedge.pdt.bpmbindings" name="book..getBook" produces="application/json" verb="GET"/>
  </prgs:resource>
  <prgs:resource consumes="application/json" name="_Book_BookID" path="/Book/{BookID}" produces="application/json">
    <prgs:operation consumes="application/json" idls="Library/.services/AppServer/book.pidl::com.progress.openedge.pdt.bpmbindings" name="book..deleteBook" produces="application/json" verb="DELETE">
      <prgs:param name="BookID" type="PATH"/>
    </prgs:operation>
    <prgs:operation consumes="application/json" idls="Library/.services/AppServer/book.pidl::com.progress.openedge.pdt.bpmbindings" name="book..updateBook" produces="application/json" verb="PUT">
      <prgs:param name="BookID" type="PATH"/>
    </prgs:operation>
  </prgs:resource>
  <prgs:resource consumes="application/json" name="_Loan" path="/Loan" produces="application/json">
    <prgs:operation consumes="application/json" idls="Library/.services/AppServer/loan.pidl::com.progress.openedge.pdt.bpmbindings" name="loan..addLoan" produces="application/json" verb="POST"/>
    <prgs:operation consumes="application/json" idls="Library/.services/AppServer/loan.pidl::com.progress.openedge.pdt.bpmbindings" name="loan..ReturnBook" produces="application/json" verb="PUT"/>
  </prgs:resource>
</prgs:model>
